"","cnv_score"
"CGGACTCTCCTCGT.1",330
"ACGCCACTGAACTC.1",470
"CCGCTATGTGCAAC.1",319
"ATATGCCTAGATCC.1",193
"GAAACCTGGACTAC.1",192
"ATATAGTGGAATGA.1",403
"CATCAGGATGCACA.1",259
"GATTCTTGATTCGG.1",212
"CTGAAGTGAAGCCT.1",287
"TGAACCGACTACTT.1",350
"TACTAAGATGATGC.1",251
"CTCTAATGTCCAAG.1",196
"GGCAAGGACTTGGA.1",145
"TGAACCGATTCGGA.1",163
"AAGATGGAGATAAG.1",63
"TAAGCGTGAGGTTC.1",123
"ATCAAATGAGCCTA.1",216
"CGTAGCCTCTCTCG.1",195
"AGCTGAACCATACG.1",199
"GACTGAACCAATCG.1",205
"ACCCACTGTCGTAG.1",227
"GTTTAAGACCATGA.1",153
"CTAACACTAGTGCT.1",75
"GCTAGATGAGCTCA.1",179
"CATCTCCTCGAACT.1",114
"GATAGAGATCACGA.1",59
"TGATCGGACTGACA.1",72
"TCGACCTGCCGATA.1",224
"GCCTGACTCTCAAG.1",290
"CAAAGCTGTTGCTT.1",252
"TACCATTGTGAGGG.1",156
"GACGTCCTCTCAAG.1",162
"AACCTTTGTACGCA.1",34
"TGACTTACAGTCTG.1",94
"CGCTACTGAACAGA.1",86
"CATTGTACTTTGCT.1",111
"CGGCGAACCAGTCA.1",72
"GCACCACTCATGAC.1",83
"ACCAGTGAATACCG.1",71
"GATCCGCTGGTCAT.1",144
"ACTTGGGAGAAAGT.1",145
"TTATTCCTATGCTG.1",111
"CCCAGACTTTCGCC.1",42
"CCGAAAACCTTGTT.1",34
"TACTCAACGGTCTA.1",72
"AACATTGATGGGAG.1",109
"TGGACCCTGGTACT.1",101
"TGCCCAACCGCATA.1",132
"TATAAGACAGCTCA.1",117
"CATCAGGATCCTAT.1",165
"ATTTAGGAACCATG.1",42
"CAACGATGCGCAAT.1",31
"CTATTGACGGTGAG.1",51
"GGATTTCTTTGTCT.1",78
"TTATCCGAGAAAGT.1",109
"GTAGCATGTAAGCC.1",351
"ATCAAATGGGTAAA.1",110
"ATCGCAGAATCTCT.1",201
"TACGCCACTCCCAC.1",114
"ATTGCACTGAGAGC.1",203
"TTTCAGTGTCTATC.1",497
"TGGAGGGACGGAGA.1",356
"GGTATCGAGACAAA.1",367
"CTTACAACTCCCGT.1",417
"AGAAAGTGGGGATG.1",393
"CCACTGACCCGCTT.1",226
"TGAGCTGATGCTAG.1",510
"CAAATTGATGGAGG.1",492
"AACAGCACAAGAGT.1",481
"ATCTTGACCTCCCA.1",453
"CCGCGAGACACACA.1",257
"CTATCCCTCCACCT.1",311
"CATTGACTAGCGGA.1",309
"AAACGCTGTTTCTG.1",338
"ATTCGACTGAATAG.1",279
"TGATACCTCACTAG.1",195
"CGACTGCTTCCTCG.1",186
"GGAGGATGTCAGTG.1",298
"TTCAACACGGACGA.1",187
"TCAGGATGCCTTTA.1",250
"ATAGCGTGCCCTTG.1",80
"CAGCATGACAACCA.1",167
"GATTCGGAGAAGGC.1",171
"CTACGCACACCTAG.1",139
"CATAAAACGGAGCA.1",389
"AGGTTCGAACGTAC.1",316
"TAACGTCTCAACCA.1",258
"AAATGTTGAACGAA.1",211
"CATCATACCGCATA.1",127
"AGATATTGGCCAAT.1",240
"GAACACACGTGCAT.1",242
"ATCGACGAAACTGC.1",294
"TGCGCACTCTTGAG.1",289
"CCTAAGGACTAGCA.1",196
"TTCACAACCCGTTC.1",298
"AGATTAACGTTCTT.1",229
"CGCGATCTCAGTCA.1",236
"ACGTGATGTAACCG.1",160
"GTAAGCTGGTACCA.1",404
"CGATAGACCCGTAA.1",352
"ACCAGTGATGACTG.1",381
"ACGGTATGAGTCGT.1",239
"AGACGTACTCGTGA.1",266
"CAGTTGGAAAGAGT.1",251
"CTTCACCTACCTGA.1",110
"CCAGGTCTAGCATC.1",541
"CCTTCACTGGAGTG.1",256
"TACTACTGAACCTG.1",379
"AAGCCTGACCGAAT.1",359
"CATGCGCTCAGATC.1",446
"TTAGACCTCCTTTA.1",341
"AAGCCATGACACGT.1",287
"AAAGAGACGGACTT.1",253
"GCTACAGAATCTTC.1",308
"GAGGTACTACGGTT.1",217
"ATAAGTTGTCTAGG.1",285
"CGGATAACAGCTCA.1",204
"ACCTCGTGAACCAC.1",207
"GTGTACGATCAGTG.1",135
"GATCGTGACACTAG.1",151
"GGGTAACTCTGGAT.1",305
"TGCCAGCTTGGCAT.1",214
"TCCCGATGAGATCC.1",241
"GGGCAGCTTGGGAG.1",155
"CATGAGACACGGGA.1",220
"GGCCACGACAGAGG.1",428
"ACGTGCCTTCTATC.1",224
"ACAGTGACTCACCC.1",281
"AGAAACGAAAGTAG.1",362
"AAGGTCACTTCCCG.1",221
"TCCGGACTGTACGT.1",333
"CATTACACACGGAG.1",345
"GCCTAGCTTCTCAT.1",184
"GGGACCACAGAACA.1",191
"CAAGGACTTCTTTG.1",274
"TTGCATTGTGACTG.1",112
"GATAGAGACTGTGA.1",111
"AAATCCCTCCACAA.1",417
"CATTGGGACTCGAA.1",224
"CTATAGCTTGCCTC.1",233
"TCACCTCTACGACT.1",264
"AGATATACGATGAA.1",216
"CTAGGCCTCTCAGA.1",192
"GAAACAGACATTCT.1",46
"CTACCTCTCAACCA.1",76
"CGTCAAGAACGTGT.1",101
"TCGATACTATTCCT.1",139
"AATTACGAGTGAGG.1",116
"AGTCTTACACCACA.1",27
"GTGGATTGCGGAGA.1",48
"ACCCAGCTCAGAAA.1",121
"TAAGCGTGGGAAAT.1",65
"GTTGTACTTTTGGG.1",82
"AACAAACTTTCGTT.1",170
"ACGAGTACGAATCC.1",93
"GATCTTACCCTACC.1",88
"ATGTAAACACCTCC.1",110
"GGACCGTGTAACGC.1",78
"AAGCAAGAGCGAGA.1",147
"TAGTCTTGTGGAAA.1",109
"GAGGGAACGAGGGT.1",238
"GTCAATCTGTAGCT.1",137
"CCGTACACAAGCAA.1",324
"ATGTTGCTTTCAGG.1",123
"AGATCGTGTTTGTC.1",141
"GTGATTCTCATTTC.1",192
"GTTAACCTAGCTAC.1",193
"TACTACTGATTCTC.1",114
"CGCAGGTGCACTGA.1",137
"AACGTGTGTCCAAG.1",244
"TGACGCCTGTACCA.1",52
"CCTGACTGGGGAGT.1",156
"TCCGGACTGAGGTG.1",160
"AGTCTTACTTCGCC.1",248
"GCACAAACAATGCC.1",223
"CCCTGATGCAACCA.1",140
"TAAACAACCAACCA.1",180
"ATTATGGAATCTCT.1",174
"TAAGTAACCTGTAG.1",286
"GTACTTTGTCGACA.1",193
"TCAGCAGACTCCAC.1",132
"AGCTTTACACCAAC.1",111
"ATTAACGATGCAAC.1",158
"CAGCTCTGAGGCGA.1",268
"GCTACGCTAGCTAC.1",183
"GATGCCCTCTCATT.1",94
"TTCAACACAACAGA.1",144
"ATTTCCGAGATGAA.1",209
"GCCGGAACTGCACA.1",240
"GAGTCAACCATTCT.1",195
"TTATGAGAGATAAG.1",270
"TATAAGTGTATCGG.1",383
"GAAGCTACGGTTTG.1",350
"CAAGCTGATCTATC.1",343
"GCCTCAACTCTTTG.1",216
"AAACGCACTGGTAC.1",173
"AGGGACGATAGAGA.1",190
"TTAGTCACCAGTTG.1",199
"GCAGGGCTTGGGAG.1",169
"GAGTGTTGCTGTAG.1",159
"ATCTTTCTGTTTCT.1",132
"GAATTAACGATAAG.1",86
"AGAACAGAGACAAA.1",74
"GGCGGACTAGGAGC.1",260
"CTTAACACCTGTAG.1",221
"ACAGACACGGCATT.1",239
"TCCTAATGGTTTGG.1",201
"TTGGGAACTGAACC.1",152
"ATCTCAACAGGAGC.1",191
"GCACTAGAAGATGA.1",289
"CTATTGTGGCAAGG.1",237
"TATCGACTACTAGC.1",164
"ACTATCACTGCCAA.1",326
"CTACGCACTCTCCG.1",203
"GGTGATACTGTTTC.1",178
"CCAGAAACGGTCTA.1",164
"GGACGCTGCTAGCA.1",155
"GCGCATCTTTCTAC.1",193
"AGAGATGACAGTCA.1",164
"AGAATTTGTAGAGA.1",225
"GCAGGGCTAAGAAC.1",155
"CTAACGGATTTCTG.1",237
"GATTCGGAACGACT.1",237
"GATCGATGGTAAAG.1",381
"TGGGTATGGTACGT.1",264
"ATCCGCACGCATCA.1",265
"CAAGACTGACCTGA.1",361
"AACAAACTCATTTC.1",177
"GTAGCATGCACTCC.1",194
"AGGTTCGAGGGTGA.1",327
"ATGACGTGACGACT.1",265
"AAGCGTACGTCTTT.1",327
"AAACGCTGACCAGT.1",338
"TCGAGAACGTTAGC.1",344
"CATTTCGACTCTAT.1",343
"CTGGATGACTTGTT.1",334
"ACTTGGGAGGTTTG.1",331
"AATAAGCTCGTTGA.1",453
"ACCACCTGTGTGCA.1",345
"GACTGATGTGATGC.1",294
"CAGTTACTGATAGA.1",372
"GAAACCTGTGCTAG.1",265
"ATGCAGTGTTCTAC.1",278
"ACCTCCGATATGCG.1",138
"TGATAAACGAATCC.1",285
"CTCGCATGCTTAGG.1",204
"TTCTACGAACGTAC.1",149
"CGCAACCTGGACGA.1",210
"ACCACAGAGTTGGT.1",146
"ACCATTTGTCATTC.1",305
"ACTTCCCTTTCCGC.1",291
"TAACGTCTCATTGG.1",304
"GATTTGCTAACGAA.1",329
"ACTTGTACCTGTCC.1",462
"ATCCCGTGCATGCA.1",353
"ATAGATTGGTGTAC.1",330
"TAGCTACTGAATAG.1",280
"GGCGGACTAGAGGC.1",350
"TAACCGGACTTACT.1",199
"TGGAACACGCTAAC.1",237
"GCCAAAACGAGGCA.1",251
"ACCGTGCTACCAGT.1",314
"GAGGGCCTTCACCC.1",112
"AGTTAAACCACTTT.1",79
"CAGTGATGGGACAG.1",144
"CAGCATGAGACGTT.1",157
"ACAGTGACTCTATC.1",192
"ACAATTGACTGACA.1",107
"GGATACTGCAGCTA.1",105
"TGTGAGACTTGAGC.1",83
"GGTACATGGTTACG.1",85
"AGGATAGAGGATTC.1",89
"CTCAGCTGCAGTTG.1",116
"TGGAAGCTCAGATC.1",192
"GGAGGCCTTTCTTG.1",241
"CATCGCTGGGATCT.1",184
"CAAGGTTGCTCCAC.1",199
"CTCAGCACTCTAGG.1",169
"GTCACCTGTCCCGT.1",183
"AGTCCAGATTTCAC.1",205
"TTATCCGACTAGTG.1",190
"GTACCCTGTGAACC.1",51
"CATCAACTCCCTCA.1",87
"CCATCCGAAAGCAA.1",196
"TTTAGCTGATACCG.1",157
"CGAGCCGAACACCA.1",136
"CAATATGACATGGT.1",179
"CCAAGAACGTAGCT.1",146
"CTATCAACGCAGAG.1",96
"CGATCAGAGGTACT.1",61
"GATTGGTGTGTCAG.1",99
"GGCGGACTTACTGG.1",213
"TAACTAGACTTAGG.1",161
"ACAATCCTAACCGT.1",206
"CCTTCACTACGACT.1",138
"CCAGTGCTAACCAC.1",122
"TGATTCTGCCGAAT.1",113
"CTAAGGTGTTGCAG.1",64
"TGGGTATGAAGAGT.1",89
"ATAACCCTTGGTAC.1",94
"GAAACAGAACTACG.1",176
"AATGTCCTCTTCTA.1",42
"ACATTCTGGCATAC.1",221
"GCTTAACTGCTGAT.1",139
"TATGTCACGGAACG.1",117
"TTCAGACTACCCAA.1",445
"TCGGACCTATAAGG.1",351
"ATTGGTCTTGTCTT.1",360
"GTACCCTGTCCTTA.1",232
"GACGATTGCCAATG.1",438
"TGCGAAACGTTGCA.1",469
"AGATCTCTATCACG.1",388
"CACTAGGATGATGC.1",386
"CTGCCAACTTGCAG.1",338
"ATGAGAGAAGTAGA.1",335
"AATGGCTGTGAAGA.1",166
"ACTTGGGATGTGAC.1",151
"AAGTAACTGAGATA.1",242
"CCCAGTTGTCTATC.1",321
"AGCACTGATATGCG.1",199
"TGTTACTGTAGTCG.1",190
"ACTACGGACCTATT.1",202
"CGCGAGACGCTACA.1",234
"GGTCAAACCAAAGA.1",220
"GAGTGGGAGTCTTT.1",373
"CTGAAGACGTGCAT.1",269
"ATAAACACAGTGCT.1",325
"TGTAGGTGCGAGAG.1",347
"GCTAGAACAGAGGC.1",229
"GATCGATGACTAGC.1",378
"CACTAACTCCTAAG.1",206
"ATGCGATGGTTACG.1",61
"CTAGGATGAGCCTA.1",138
"AGTTTGCTACAGTC.1",132
"TACTGTTGCTGAAC.1",114
"ATCGCGCTTTTCGT.1",376
"TTTCAGTGTGCAGT.1",222
"AAGATGGAAAACAG.1",443
"AGTACTCTACGTGT.1",366
"AACGCCCTGGCATT.1",228
"AGGTCATGCTTATC.1",225
"AGCAAAGATATGCG.1",241
"CAAAGCACCGTAAC.1",295
"AGCCGGTGTGTTTC.1",210
"AGTAGGCTTGCCTC.1",195
"ATTGGTCTGACTAC.1",141
"AGAGTGCTGTGTTG.1",174
"TGTGAGTGGAGATA.1",127
"TATTTCCTGGTGTT.1",229
"CGGCCAGAGAGGCA.1",219
"AACCGATGGTCATG.1",156
"TAAAGACTCAGGAG.1",150
"GTGATGACAAGTGA.1",116
"AGTATCCTAGAACA.1",196
"GGGACCTGCTTGCC.1",226
"GTCATACTTTACCT.1",154
"ACTTCAACAAGCAA.1",33
"TGATACCTTGAAGA.1",45
"AATGTTGACAGTCA.1",80
"GTAACGTGGTTGAC.1",97
"GCCTCAACCATGGT.1",78
"TATCTTCTAAACAG.1",55
"TAACTCACGTACAC.1",160
"ATTAAGACTGCAGT.1",116
"GAATTAACTGAAGA.1",118
"CGCGATCTTTCTTG.1",49
"TAGTAAACGTCACA.1",22
"CAGGTTGAGGATCT.1",11
"CGCAGGACAGATCC.1",161
"GTGGATTGTAACGC.1",137
"CGACCGGATGGAAA.1",119
"GCATTGGAGAAGGC.1",87
"GTTATGCTTTCATC.1",115
"GCAAGACTCCCTTG.1",162
"GGTACAACTGCAAC.1",95
"CTGCCAACTTGCTT.1",124
"CAGTGTGATGTCAG.1",130
"CTATGTACTGTTTC.1",78
"CAAAGCTGAAAGTG.1",252
"TTAACCACTAAGGA.1",108
"CGGTCACTGTTTGG.1",108
"TGTGACGATTCTCA.1",94
"GGCCGAACGTAGGG.1",116
"AATAGGGAGAATGA.1",163
"CTCAGGCTGCTAAC.1",269
"GGCAATACGGCATT.1",341
"ATGAAGGACTAGTG.1",608
"GCGCATCTAGGTCT.1",497
"CTGGATGATGTGAC.1",496
"CGGAGGCTATTCCT.1",494
"TTCCATGACTGTCC.1",413
"GAACCAACCACAAC.1",610
"ACCTATTGCTGAGT.1",527
"AGAACAGACGACTA.1",476
"TACGTACTCAGTTG.1",156
"AAACATTGATCAGC.1",179
"TCGGACCTAACAGA.1",169
"TTCGAGGAGGGCAA.1",103
"GGCGGACTTGAACC.1",135
"ATTCTTCTGATACC.1",102
"GGATAGCTCTGAAC.1",94
"TGCCACTGAACGTC.1",125
"ATTGATGATCTATC.1",154
"CGGTAAACTCGCAA.1",88
"TAGATTGAGGCATT.1",241
"CACCGGGACTTGCC.1",378
"CATACTACCTCGAA.1",283
"CTAACTACGGCAAG.1",409
"ACGAAGCTCTCCAC.1",408
"CTGCGACTCCACCT.1",541
"TGGCACCTTCACGA.1",394
"CGGGCATGACCCAA.1",322
"GACGTAACCTATGG.1",411
"ATATACGAAGCCAT.1",199
"CAGACATGAACGGG.1",425
"TGATTCACTATGCG.1",272
"CATACTACCTGAAC.1",213
"ACATGGTGCGAGTT.1",271
"CTATCAACGAACTC.1",202
"TATGCGGATAACCG.1",247
"TCCACTCTACACTG.1",204
"CAAGAAGATTCTAC.1",168
"CGGAATTGTGGAGG.1",163
"GCAGTCCTAACTGC.1",127
"TTCAAGCTTGATGC.1",167
"CAGGTATGTGCTTT.1",125
"GGTAGTACTGTCTT.1",249
"GGGACCACGTCATG.1",115
"AACCGCCTAGCGTT.1",113
"TCCTAAACCGAGAG.1",126
"AGCCACCTGGATCT.1",91
"CCAGGTCTATGGTC.1",159
"GGGACCACACGTTG.1",126
"AAATCAACTCGCAA.1",261
"GACGTAACCTGTGA.1",104
"AGGTGGGAAGTTCG.1",140
"CGAAGACTGTTACG.1",108
"GTATCTACAGAAGT.1",368
"AGGGAGTGAGCCTA.1",219
"CACAATCTTGTTCT.1",353
"TTCCAAACTTGACG.1",298
"ACCACAGAAAGTAG.1",283
"CATGGCCTGTGCAT.1",179
"CGCAACCTCCTTGC.1",221
"AGGAATGATTTGTC.1",187
"GCCCAACTACCGAT.1",269
"AGCCGTCTCAATCG.1",182
"TTCAAGCTTTCGCC.1",134
"CAGCTCTGCAAGCT.1",265
"ATGCTTTGTAGTCG.1",328
"AAATTCGAAGGTTC.1",245
"ACGTTGGAAAAGCA.1",129
"CCACCATGATCGGT.1",200
"ACCACGCTGCTGTA.1",293
"GAAAGATGATTTCC.1",275
"TCCTAAACATCGAC.1",241
